Form,Entity,Product,Date
TI25-032,021,"Exzample Tablet","2025-01-21 06:25:15"
TI25-031,031,"Exzample Tablet","2025-01-21 06:22:56"
TI25-030,021,"Exzample Tablet","2025-01-21 06:14:02"
TI25-029,027,"Exzample Tablet","2025-01-21 06:12:22"
TI25-028,030,"Exzample Tablet","2025-01-21 06:10:40"
TI25-027,029,"Exzample Tablet","2025-01-21 06:05:19"
TI25-026,029,"Exzample Tablet","2025-01-21 05:01:13"
TI25-025,021,"Exzample Tablet","2025-01-21 04:55:22"
TI25-024,021,"Exzample Tablet","2025-01-21 04:53:30"
TI25-023,021,"Exzample Tablet","2025-01-21 04:51:36"
TI25-022,021,"Exzample Tablet","2025-01-21 04:48:01"
TI25-021,027,"Exzample Tablet","2025-01-21 04:46:21"
TI25-020,027,"Exzample Tablet","2025-01-21 04:44:26"
TI25-019,028,"Exzample Tablet","2025-01-21 04:42:27"
TI25-018,013,"Exzample Tablet","2025-01-21 04:36:02"
TI25-017,021,"Exzample Tablet","2025-01-21 04:34:07"
TI25-016,021,"Exzample Tablet","2025-01-21 04:31:54"
TI25-015,021,"Exzample Tablet","2025-01-21 04:25:31"
TI25-014,021,"Exzample Tablet","2025-01-21 04:21:37"
TI25-13,021,"Exzample Tablet","2025-01-21 04:18:29"
TI24-12,021,"Exzample Tablet","2025-01-21 04:16:45"
TI24-11,027,"Exzample Tablet","2025-01-21 04:12:51"
TI24-10,021,"Exzample Tablet","2025-01-21 04:00:56"
TI27-,026,"Exzample Tablet","2025-01-15 04:17:40"
TI26-,025,"Exzample Tablet","2025-01-15 03:58:55"
TI25-,024,"Exzample Tablet","2025-01-15 03:21:17"
TI24-01,023,"Exzample Tablet","2024-01-11 07:57:52"
TI23-015,014,"Exzample Tablet","2023-08-08 08:26:53"
TI23-014,014,"Exzample Tablet","2023-08-08 08:26:03"
TI23-013,014,"Exzample Tablet","2023-08-08 08:25:01"
TI23-012,011,"Exzample Tablet","2023-08-08 08:18:15"
TI23-011,010,"Exzample Tablet","2023-08-08 08:17:07"
TI23-010,013,"Exzample Tablet","2023-08-08 08:15:30"
TI23-009,013,"Exzample Tablet","2023-08-08 08:14:11"
TI23-008,012,"Exzample Tablet","2023-08-08 08:04:45"
TI23-007,012,"Exzample Tablet","2023-08-08 08:03:22"
TI23-006,002,"Exzample Tablet","2023-08-08 08:01:55"
TI23-005,010,"Exzample Tablet","2023-08-08 07:38:19"
TI23-004,009,"Exzample Tablet","2023-08-08 07:25:08"
TI23-003,003,"Exzample Tablet","2023-06-12 03:30:01"
TI23-002,003,"Exzample Tablet","2023-06-12 02:36:09"
TI23-001,002,"Exzample Tablet","2023-06-09 09:08:02"
